id,target
d96e6dbcd,-0.2986
0963b8cf9,-0.589
7656dea91,-0.605
a9ebe5d33,0.3308
7285ba024,-0.588
e6181a3fb,-0.2666
08104f366,-0.5137
4d5b83eba,0.546
ee2908eeb,0.613
12da06b54,-0.7964
90f7894fc,0.07935
e894309c3,-0.4163
939541b15,-0.3616
fd1213183,0.001429
c8248450c,-1.298
6e7e7ea91,-0.5864
b1bf8bb2d,-0.1519
4e62e645b,-1.416
d8c5b6ac8,1.047
ad1ad157a,-0.4875
80035934c,-0.4097
46a13c6ea,-1.128
10c0e9378,-1.268
10079320a,-1.5
6980ceba4,-0.7017
0921dcfa3,-0.9023
cc053446f,-1.4
df9a91b62,-1.791
cf051fa19,-0.669
9fcd7cf25,-0.766
11e21679d,-0.6226
e2633499a,-0.9414
687eb6e91,-2.348
4a50c22ba,-1.091
79cafacb6,-0.256
5129ab90e,-0.7925
4331e23fb,-1.263
a1864cd44,0.2563
38548788f,-0.5103
68f464a42,0.00493
61e97c2ce,-1.129
cb5c0092d,-0.3394
d09e70eb3,-0.722
59e7951b6,-1.121
72d4c2ff5,-1.351
4b3ebe537,-0.749
801e7775f,-1.293
5cb5ab998,-0.924
2aa6a6a85,0.1043
1bc431649,-1.282
24e274809,-0.7256
7344729b8,-0.689
8a229dc14,-0.2676
5d4c76dc2,-0.777
5127fb10f,0.119
7073d1ef3,-1.834
e83e2cc69,-1.417
bba96ae90,-0.733
95e0a7b8d,-0.3916
e6063b77d,0.027
201eff52d,-0.9766
d74e2a8a3,-1.644
3452290fd,-0.8813
52433aef2,0.4648
fd23df088,-2.11
954b463dc,-0.774
ea67143e5,-1.737
cf3f0844b,-1.175
0ee9ed7d1,-0.7324
e88783670,-1.574
0263a173f,-1.618
1ad3c0a9c,-0.4915
32fc19585,-1.717
9191df3d4,-0.3167
6c1ec61d3,-0.624
00589d631,-2.09
0cd2488aa,-1.856
62e7568a4,-1.04
c434b7308,-1.736
7a5ff6589,-0.6064
c85c04767,-1.465
954d11b73,0.26
a9c88f6df,-0.454
dbef2d020,-1.502
7a259cdf4,-1.095
8c3bba2b2,-0.1221
5bb09dede,-0.3037
438d0393b,-0.4219
06e556039,-1.072
26ee34f6c,-0.2983
cd17cf7c7,-2.312
a3f10d9df,-0.3677
6c58966f4,-1.337
9d2d55759,-0.863
5736648a1,-1.035
456ee9f81,-0.424
d3aef0bba,-0.6587
00e2e0148,-0.2332
7a0641567,-1.355
bf3ea5462,-1.668
3034df752,-1.728
4be5d5b1b,0.6333
f97204802,-0.6562
f18969199,-2.357
ae2a39de9,-1.213
ec07a54cf,-1.429
6ef035530,-1.586
38aa1ead8,-0.3132
92d5b6fcc,-1.498
959951b2b,-1.357
663a28944,-1.106
188449e7e,-1.221
fcc566f86,0.2102
916faaa6b,-1.008
e11b8183b,-0.05936
8fa893ad4,-1.415
26395cae9,-1.387
7cc35371e,-1.982
3bc279c79,-0.2449
95c133a73,-1.82
8a23a4ba3,-2.291
33511af2b,-2.027
10426d8a6,-2.139
a4758360d,-1.333
daa697f3e,-0.4822
e48f075f9,0.1782
22cb49f55,-0.429
067254eba,-0.779
3506c7729,0.4937
4bda63175,-0.1935
8aa8eb87a,-1.899
ff05c5c21,0.573
586e63886,-0.1914
400903544,-0.10236
0b85114d2,-0.7583
322e67244,-0.9736
88f6fd2e2,0.11847
f234be2d1,0.988
6fdc56fc1,-0.05933
bc2022607,-0.3416
6923a71bd,0.00695
861faf1f5,-0.3018
f0d7b622e,0.7334
ec01b706a,-0.364
476b3492a,0.276
8c9a2b4ee,-1.595
5ac6ee76a,-0.1973
c9849a3ad,-0.851
ba7c965a6,0.00454
347de9ec7,0.04486
848f1d906,-0.7
01734f6f6,-0.9565
e668530bf,0.01038
c61350717,-0.2452
c376446c9,0.1296
56a925239,0.0742
abd72da8f,-0.511
f19ad54ad,0.1617
dd84feace,-0.578
eaba0ffae,-0.2335
7627933b2,-0.4016
cce06a110,-0.1092
03b1a6ff7,-1.885
ee2fcc78b,-0.7827
a666c1db9,-0.08215
c4569ce1b,-0.2228
45564f878,-0.7812
9c82627a0,0.8105
0b405c725,-0.953
bacdd6a73,0.02599
cfa18ebad,0.1367
cd1915d2d,-0.2308
1c66b6ca4,-0.1539
e3fcdeed3,-0.3342
b7b432441,0.352
b3f2457aa,-0.5444
5ac1be4cf,0.572
fb5e72460,-0.33
902d55f44,-0.518
5942695bd,0.4277
779547d0a,-1.411
ab26eef44,-0.3086
355a68dd7,-0.212
d8b60e09a,0.2039
854573ece,0.8926
3026c751f,0.1383
29e0e6f3c,-0.6724
4223ee1bb,0.6816
636fbc2e0,-0.2119
11bc4e9b9,-0.416
d333b989d,0.1943
494a239ed,-1.015
8a965eeaa,0.0682
2ac04d8a0,-0.6694
7b862221d,0.12036
9e2bc2bf9,-1.844
4db658993,-1.1455
4409e7d1d,-0.4497
92800bdda,-0.7007
86d0efac3,-0.554
a713d5ec4,0.1387
44574243c,-0.4211
b5e073c7b,-1.042
7aad61e03,-1.064
fa245b18c,-0.1602
b0e0d3a39,-1.2705
03b761fd9,-0.893
501927637,0.7075
5e0850d8c,-1.223
f9aeaeeaa,0.824
a6c6237aa,-0.3806
e847e756b,-0.343
b025a7846,-0.4702
2d3e20104,0.371
42e422ab7,-0.00925
c3086ffed,1.086
6e2cbd96e,-0.8516
ec941d0ff,-1.3
e291215df,0.661
1952e3237,0.2313
634c43abf,0.3772
668b4f061,0.7036
1dc451c57,0.05594
c06f29ae8,0.2563
ad7445b0b,0.12225
52b8773a4,0.13
6d41c0d37,-0.52
4a2657f6c,0.1462
a3642fd77,0.711
f8732af25,0.717
d14e63848,-1.326
5c31b7541,-2.012
87f96eb79,-0.5933
d74750e16,-0.858
42f9be482,-1.679
9c9974560,-1.196
a83725b19,-0.6055
46599d29c,0.2146
493b80aa7,-2.498
e044e1347,-1.625
ee740ca08,-0.845
79b571bbd,-0.1412
fd96c1cae,-1.956
2b6d8d5c3,-0.7764
4ac44c984,-2.123
ad2d34279,-1.082
e6b3f5f58,-0.895
55f425cd8,-0.57
b09e32690,-1.873
e6dc71a9e,-0.997
f1376df75,-0.4138
c505566f2,-1.432
58e65a993,-0.6294
aba1ee077,-1.191
5ca441f3c,-0.6235
115f29c07,-1.751
d1dfd1715,-1.437
ed0663872,0.2333
7c9c3bb32,-0.817
a5617616c,-0.2961
37674c1a5,-1.938
924fe9fc2,-2.574
c913c40e9,-1.76
54ba18cae,-0.923
fa3cd3cea,0.6567
7c9a8e9f5,-0.457
590467bd6,-0.9204
38af5cc3a,-1.372
477c42aa9,-1.061
73bdebe89,-1.616
932243dd0,-2.012
091dbda14,-1.406
0e56041a7,-1.217
7adcfd7d9,-1.021
d679f75a5,-1.994
cab921482,-1.246
160abb9da,-1.265
bec229c1c,-0.5566
849754b68,-0.415
22884c72c,-1.596
1a1f543f9,-2.316
318b5eac2,-2.271
c0f645ed1,-0.8887
7283df62e,-1.971
479b31816,-2.477
5fb11a4e9,-1.714
749fe0db5,-1.461
cdb568fc5,-1.406
9f8e4b6a8,-0.739
11160b307,-1.802
dda78146c,-1.011
c2013b87b,-2.514
2eb7461d1,-2.123
04917fcad,-1.431
4444b764e,-1.052
3689baf1b,-0.66
848113fa7,-1.33
d544d01c7,-0.299
7a170ca45,-1.019
5fb16607b,-2.18
3e25d516f,-0.736
e4f4670ec,-1.394
3e3b558a6,-2.62
7d553a313,-1.801
bc7b89fb2,-1.661
e7fc43329,-2.213
6c91d6df0,-0.909
fadb3fe58,-0.509
08777adc7,0.0422
2b9b07eb9,0.076
e9088a4cc,-0.4014
fe5babaff,0.44
c2b70247e,0.7256
ab6c4f23d,-0.3113
1bf226f78,-1.92
450a06ea3,-1.133
637bc5bb0,-0.761
8e4b1bbd5,-0.3037
7ded376a2,-1.964
a3a7e58a2,-1.361
5eb8b3743,-1.224
5a024402e,-1.236
3a5fbbb4d,-1.307
9a9812d57,-1.271
89bcf0db2,-0.8867
390a404cf,-2.293
f3c036df6,-0.6216
bd153d81a,-1.824
eb6d9f3ac,-0.4968
8f94f3334,-1.297
383d85fc8,-3.02
62d4de831,-1.697
91653f748,-1.278
8662922c7,-1.985
84c6aac68,-2.467
da7609c17,-2.078
9e899e2c2,-1.479
3d52b6d6b,-2.2
c5f7b1717,-1.895
5b9dc0b5d,-1.118
035e92ff6,-1.085
364009a31,-0.5996
0e3215f98,-2.285
b95aae066,-1.422
10c26bcf2,-1.235
7d755c8e5,-2.428
14872afdb,-1.86
035eeeb2a,-2.246
997f8b53d,-1.02
a21bfa111,-2.209
e1038716c,-1.01
4c791e0cc,-2.145
215c6251a,-2.037
fa6bb66d0,-2.533
96deae2ab,-2.809
62d33b32e,-1.308
fe0dbef10,0.0536
b047b3487,0.281
a603d1ba0,0.5103
d320d8fe5,0.3562
9f9d452e8,0.3738
943325fa5,-2.506
b0a8df49f,0.187
cf8dcfc05,0.266
09b161e42,0.8633
b21da66b1,-1.957
c68111ee9,-1.891
f667f29b4,0.1958
eee3c8ed1,-2.738
466e33a64,-2.26
d5d719c31,-2.473
307efb1c0,-2.277
e41a4d88e,-2.404
31e08be8c,-0.98
9d4ee13a8,-1.665
b0bac7214,0.0982
bd5047363,-1.679
f7b84baaa,-2.209
69f2b5a4a,-0.2866
b57463aaf,-0.406
b03a4313b,0.134
532fcc79f,0.4177
554968681,0.534
1566cf3de,-0.0896
48c8e3b82,-1.027
43ba38ce7,0.1946
8109718b0,-0.3745
280b96740,-0.03009
78feadebb,-0.135
f540bf677,0.511
e236e910d,-0.3396
c8d948ee6,-0.581
e43288516,0.4897
e2093875b,-0.788
09f50e9df,0.2008
4c70ca8aa,-0.08905
5af836f02,0.0766
36cf547d3,0.336
425301f2e,-0.3374
bbbfe2852,0.851
2516a9594,-0.4187
c8c8807f5,0.5938
5ba30f6c3,0.424
a5b5d19ef,-0.524
8b3e3a97b,0.4585
e4b2adc8c,0.408
26c87ee54,-0.888
5f5ca10e0,0.0986
c24550bff,0.3726
de2f02e6f,-0.05634
b6d7f625e,0.4668
5ef1424f2,0.716
0bd562bbf,0.2659
a0283cf3f,-0.1881
5a717a66b,0.0439
859b9eebe,0.8174
4a12b1cf1,-1.218
25aa388a7,-0.6924
b6069700c,-1.412
613fc24e7,-0.567
47631da8c,-0.526
14bde3085,-1.677
6b15630fc,-1.148
7d9963b66,-2.322
9752fe7ad,-1.147
4e8d1dc80,-1.1
d36b46c15,-2.832
e020822cb,-1.501
2f145a1fd,-2.328
c95da3c06,-1.534
a5e01b562,-1.709
9810db6cc,-2.268
a852fb41d,-1.267
7f5328c35,-2.922
3aee5c9fd,-1.15
12e7d318d,-0.5586
74ee4d488,0.1361
d25b7c3aa,0.176
18a5ee5c5,0.3042
24b96de9a,-0.2489
c08246373,-0.2347
730277e8d,-1.086
ba585b63c,-1.173
3bfbecabe,-1.637
6a762012a,-1.269
1ae994d6d,-0.0633
9a4a22f12,-0.563
ff8f2fae3,-0.02722
cfbe26119,-0.5605
3e99cc39a,-1.296
613335dff,-1.309
d3011b732,-1.89
6c4059edf,-0.4846
c06d6373c,-1.4375
280792757,0.04376
e3542af4e,-1.85
6fc0df6aa,-0.3274
9b0baa1cd,-0.9736
f8fc14a56,-0.942
93db5ca37,-0.8955
ff99879dc,-0.0833
946f4fe91,-0.631
9ea79904e,-0.6406
1b6e19e78,-0.6904
cf0754fe4,-0.2455
3eb7d43dd,-0.102
43beae221,0.1976
1779ba8c1,-0.338
d436eb9c3,-0.9775
8938afd2f,-0.974
d6c4e3028,-0.1589
9fa6a7f79,-0.58
c544d9384,-0.7495
0aaac8f69,-1.097
d8c7bf9bc,-0.6025
8ef8fdb57,-0.9434
4f17abf2d,-0.719
4ac78e5c3,-0.3955
d28f425f4,-0.485
c9db496d2,-1.046
bcd803279,-0.2385
e3c48fb3f,-0.2312
02042361f,-0.689
7d713e437,-0.2354
4f9cb89a9,-0.3022
7a85d51a0,-1.22
63ef1ca08,-0.3823
d95fba12a,-0.5996
e989a8d0a,-0.766
8c6414f2a,-0.4163
ee18d2160,-0.5366
398de6619,-0.5034
12d2a4c43,-0.9907
edcfbf9bc,0.11597
e00200d4a,-1.222
3b501eb47,-0.948
3ef278f52,-0.5054
66b828b4a,-0.6714
a934abe6f,-0.869
a3f2f2a4b,-0.818
2ad973f31,-0.5273
5f8ce05b8,-0.561
b4eaadabe,-0.1693
7eeb2e6bf,-1.096
f2a50710e,-0.5723
cfb874eb7,-0.284
31d70f860,-1.505
894214f77,-0.936
d334a0bd3,-0.2072
5cf104360,-0.4426
1c0bb0401,-0.1349
d53ad846e,0.06915
cdecb71c4,-1.123
9cdf5fe75,0.445
2ac9d9f75,-0.792
3a4d65f8d,-0.4773
e9292e4f6,0.11163
6aaa97050,0.3306
515e83b56,0.585
34ec7fa04,0.2737
edb591697,0.08813
ce1f3e26c,-0.256
4646af457,1.129
0291a72fb,-2.26
37f8dab19,-2.283
9ab841811,-0.8154
c7612744f,-0.04828
6a71cad2a,-1.719
87197d2c7,-1.167
d4d707fb6,-2.162
04ade0eb2,-1.366
f5c2d1c04,-1.41
228aa5585,-0.4368
0f3915450,-0.7026
79b698ba8,0.2415
3ee9d45f9,0.1384
679ea4f70,-0.4504
5d2a23a98,-0.9067
23e330f4f,1.123
a44fe1d5a,-0.992
00d4d251d,-0.2642
2a07d8b52,0.03354
6b8476f7a,0.3433
33836f881,-2.021
d5ae1bb57,-1.833
3c8bc21a4,-0.6094
a60686533,-2.25
aee4b497d,-2.412
060fc57c6,-0.4456
299c356fb,-2.697
1e1a86396,-1.025
97fddd32f,-0.04553
0d48a121f,0.3662
7b3323c17,-1.079
e3b9b8ac4,0.5596
cc1a9a3e8,-1.785
3e854ccc5,-2.678
628d70a38,-2.275
46f9e5b96,-1.419
68e9c3414,-1.443
ced0db116,-1.228
2236a8045,-0.8447
075672d6f,-0.5864
701f51d86,0.2656
4d403fd57,-1.302
dc68539f2,-0.0999
3bb83a8d7,0.8813
f9bf357fe,-0.9185
a0d4cd896,-1.423
060e33d14,-0.77
c8ff70806,-0.0505
7017e31a7,-0.2399
e25d16cf4,-0.526
3411fc5bb,0.0822
0060c36b9,-0.781
cd96e48f5,-0.7036
a38c47dc1,-1.394
74498048f,-0.6504
c9ffcb15b,-1.011
b0eab5ef8,-1.26
5813050e4,-1.521
8de3a8dd8,-1.126
9156a494a,-0.476
15df7f4ab,-0.6187
1b2275a6b,-0.1394
074f70bbe,-0.425
dd8a9d2f4,-1.146
26d07b3b3,-0.04623
5c5d57c8a,-0.0455
97cfc08c1,-0.005993
8b31124fd,-1.22
59e6b07ad,-0.768
2cc7ad1da,0.06433
472447dbf,-0.842
a5c22fbff,0.0416
344524c76,-0.4775
1eafabcd1,-0.741
1e1bc114d,-0.0495
6525f8ffd,-0.1498
4fbca0146,0.1942
b9cca6661,-0.675
17a410c5a,0.2223
2560699e2,-0.992
50e9e3fcd,-1.402
f2f4c3e8c,-0.6685
a04741371,-1.241
622f6215e,-0.9893
a99532546,-0.803
bf1f402ca,-0.503
d1fa0d1f4,-1.124
a6045da7b,-0.2803
e4d810c98,-1.454
6849b506d,-0.1353
9ebae047b,-1.551
14365d003,-1.436
b12cb6e0d,-0.762
49cae2321,-1.197
62526c010,-1.487
fed2fbd39,-0.936
92749fef5,-1.764
09fe55c1c,-0.793
2d08e6642,0.434
c228478ac,-1.257
cb472863a,-1.453
f43a27b6d,-1.782
b972ec989,-1.39
5d2930947,0.02965
a15ef0c1c,-1.941
1b763f5eb,-1.327
b5ffa97d5,-1.334
afc8ff464,-2.389
e167bb46b,1.042
c56b17080,-2.348
0d456589c,-1.119
70f07093e,0.146
3e348dce0,0.3804
25268f8d2,0.85
f87925b78,-1.917
906fdc3fb,-1.067
d275f5dd3,-0.6523
2ec50cadf,-1.79
77f73d19f,-1.41
ac715fbdd,-0.5728
204f4dec4,-0.8735
b54f796ab,-0.292
fff594b50,-0.872
86e14510a,-0.3796
3fbefb41a,0.2286
93882c9cf,-0.921
5d139e7ab,-0.6514
543d435b4,-0.693
e50f1c437,-0.2069
27b3fb150,-0.2954
ebb2713b9,0.2379
d55d97ab3,-0.4404
014b0c117,-0.998
f14d4ff94,-1.088
f51462541,-0.8374
58c58d344,0.2117
7364963a0,0.565
11dc56882,-0.5024
329cd9805,-1.008
947e2b67c,-1.086
8cbfb01cf,-1.516
dee9eca74,-0.3484
a1531d627,-1.523
2a84fbd08,0.12024
0eb66e27e,-0.8145
1749d6ad0,-1.262
d54fc5196,-0.8735
99b938c1b,-1.923
ec888c025,-0.629
e24391c0c,-1.148
7eacd1edc,-0.3594
f7c205371,-2.059
46577b58d,0.04874
acb53f607,-2.105
1ec0dccc1,-0.02498
3c1674b21,-0.11774
df86b1ee8,-0.9355
82f92f8a5,-0.7217
a9397ddc1,-2.053
26fd0c675,-0.3872
f805c380d,-1.294
36a340cb8,-0.904
6c21d9b1e,-1.008
b1aafcfd0,0.376
69c52df11,-1.374
7a1723dd0,-1.3125
0b2b28516,-1.045
d1e534d7e,-1.383
aa628d18b,-1.074
e7dc3df1d,-0.005787
4fe36299f,0.00784
195133a2c,0.389
8c42df10f,-1.077
56771fd66,-0.53
466d31b75,-0.3633
7c5e4c544,-0.2365
75a659e45,-1.557
b822dd87a,0.3267
edf40f465,0.518
10112f396,-0.4402
9d0141395,0.00779
d6764322c,1.216
b73d34263,-0.0486
d77ea07b8,-0.8867
c946aecc3,-1.37
d91936b32,1.008
0de4ec6f5,0.2979
8be3592cf,-0.5083
90e340ba0,-0.357
50ddd053a,0.05548
1fa9123c4,-1.609
0208ac8d4,-1.591
bb1550abb,0.4421
ca8926fe5,-0.1625
5c0dd7800,0.0849
83f9c17b9,-0.2861
e36cf4569,-1.82
d2556a097,0.1581
614acf47c,-0.02872
24e00a515,-0.3308
8f35441e3,0.8
cd5279677,0.02602
99067575a,-0.4841
e9027d7c5,-0.7656
32bbd34c9,-0.3145
90d8170d5,-0.8364
7680bdd18,0.08374
0915b75d9,-0.794
986d76541,0.5425
0eef376fd,0.8354
9be269634,-0.01236
e33c8a8ce,-0.4502
7492e758c,-0.2673
420b4ae48,0.002993
7ce670150,-0.3232
f68bdf0ac,0.963
41e16dfb0,-0.1675
cc445e16d,-0.305
48a78b891,-1.046
02b5f24ae,0.1632
ec387c953,-1.039
3423fc4ea,1.008
99f2949e4,-0.0418
447a2a0a9,-0.884
971ff1419,-0.1714
0e2cc2033,-0.9814
ad84a0097,0.3977
ce59e84ab,0.5864
9c0bed2c5,-0.5435
fe65836e5,-1.274
e0e6b41e5,0.2852
4e0cdfdaf,-0.8164
0d7191993,0.2086
9707b4ed7,0.2063
5ee85b861,-1.153
42903ee90,0.1058
8702c3b65,-0.765
1f3711a4c,-0.659
611974422,0.01096
70da9960b,-1.377
589c8bd39,-0.0783
822c5d421,-0.2983
cd2961c53,0.1559
112f57fc9,-0.2113
2d5024090,0.3135
a3786e03d,0.2744
e7ad87dde,0.1836
d5f23b194,0.221
1bc647ae2,-0.912
eb8c0bbe0,-0.1709
e4438a351,0.02357
3a54cfc98,0.1473
c5c0d7b08,0.0402
3f4b5b5c9,-0.198
8c7fde315,0.0315
92d29d8c7,-0.962
82e11623c,0.1719
3bfd25fdc,-0.529
e25d616d7,0.2961
016913371,0.503
912344be5,-1.349
fe37691ed,-1.937
389343d57,-0.2769
9c22ab903,0.03928
439864cdf,-1.224
213418bf2,0.01883
767c8b535,-0.08636
fc5a5244a,-0.639
cc3b6ab12,-1.9
c73f31159,-1.513
9f6061f86,-1.521
cf3098cc2,-0.1699
481f47cc5,-1.228
d1d72c723,-1.414
f49f00012,-1.574
e656d1eba,-0.2874
f5f7c3d26,-0.256
a9da501cb,-0.1814
def536646,-0.9546
9bd5e9b85,-0.3062
676ea2c42,-0.686
ab39fee13,-1.446
3c7e5abdb,-1.421
66621b582,-0.4766
570cd7396,-2.34
a8fea555a,-1.006
37567968b,-1.484
a6f74f001,-1.984
180e47ddb,-1.125
f46fe00a6,-1.883
f62d12e7a,-2.057
ef6e90948,-1.18
6b9d9517c,-1.85
c0624493d,-0.04285
7dfcd289d,0.07635
137110330,-1.618
b5a864f26,0.8306
fb36ee6cd,-1.4375
487771845,0.5933
cbec73e11,-0.8857
40065fb08,-1.033
4053d0bab,-0.6226
16d7a4e4d,-1.311
f536d8076,-1.413
612920de8,-1.87
365bd0179,0.2316
7d016018e,-2.22
200a6e681,-0.573
cfbbbec88,-1.288
48af14a01,-1.824
f834c1b8f,-2.166
6a9acd4c1,-1.915
353a016ff,-2.02
8838b1af6,-1.933
cb7665a67,-0.499
e2ff6905f,-2.238
2f108b0e3,-1.833
2d8df805b,-2.377
d6f4495e5,-2.1
77f123887,-1.884
de5e426a8,-1.578
8d406094c,-1.559
b5b6a8c91,-1.613
b871693a9,-2.037
760ca04d2,-1.919
bc891aeac,-0.4792
79426bd13,-1.999
bc686ca91,-2.33
13819e702,-1.979
c03989140,-1.225
0787587e1,-1.6045
ee51de65a,-0.1812
eecfb12bc,-2.096
bbe7b53ea,-1.006
ceef3ac27,0.0884
9cac2cf65,-0.4722
b5944cff3,-0.2168
ff49f1c7a,-1.323
22413123f,0.886
1b94fb095,-1.482
7cb5c2106,-0.42
762f73b7e,0.3113
bd76a2c46,-0.1708
0fca6ad03,-1.49
f74e0ac76,-0.2448
e37859b75,0.1907
36e210ee0,-0.5874
9218d8e68,-2.318
c9a24aebe,-1.357
6d7c845a3,-2.352
66d9b13a3,-0.7188
38965bb7f,-0.6753
4b1f5c8f6,-1.895
6b5a73c9c,-0.8535
5fc17664e,-0.3115
706058a68,-1.199
9f399e78c,-1.133
10ca1e259,-0.04498
35226504b,-1.028
d2ec578f0,-0.714
2552e9c6b,-1.558
f536ae255,-1.68
ca0234c0f,-2.086
54b281e10,0.2438
de80fa5f1,-1.451
38b059144,-0.309
1d1e73e05,-1.546
9151b9872,-0.905
9e5dc15f5,-2.014
7f4cfd2b8,-2.453
6a548181f,-2.576
d6a93ce07,-1.183
2f0fc97cb,-2.148
4bbfe4ed6,-2.18
ee7d40251,-2.648
fa9a5ca4e,-2.473
d35944194,-1.01
d7ac787c6,-2.07
94e30510c,-2.576
d50dcf690,-2.152
2c3f966f9,-1.38
fc08493bf,-2.271
56f49dd99,-1.538
d53823f84,-1.829
aa018e487,-2.764
193123f45,-2.184
7131fbf96,-2.557
048ee8fb8,-1.78
791a613e9,-1.256
286f9237a,-2.787
0df4de67e,-2.648
2b10b4e23,-2.486
9e9eacb49,-1.692
69a3b865e,-1.405
a78d0ed39,-0.7905
b10f60b6b,-2.156
ed03a7129,-1.637
1e63c192d,-2.297
d6e807c7c,-2.475
0ffc29ec0,-1.738
bca4c9763,-2.588
b5357a02c,-2.322
20808494a,-1.472
974a6be11,-1.931
ed9bd6d42,-0.4111
c94fad68a,0.524
912846d5f,0.5093
d57be9577,-3.068
63570e293,0.006485
2c21c73ae,0.33
6d91d7382,-2.44
fb5063eac,-1.592
fc5a0368a,-2.678
0e2b16542,-1.979
450964a38,-0.1936
2505ee83e,-0.2292
73d389da4,-1.456
0aba45c38,-1.393
7e416031a,-0.431
2ca4b1b58,0.2756
75bedd3d4,-0.9497
847bf2182,-1.171
7bea11cc5,0.1932
610ee98eb,-0.12463
765754b41,0.006588
5db930a7c,-0.003489
f054d6f00,-0.3918
76f92b721,0.03192
21947ffde,0.931
71066072a,-0.0863
5560a9551,-0.2223
14b89732b,0.007736
afd1e9b86,0.7363
7fa0079d0,-0.7925
5be9a60e6,0.12366
6c95bd675,-0.646
dfa0adfbf,0.598
fe8049334,0.6416
4a6709fff,0.3867
1bd81f5c5,0.2456
55fa093cb,0.3276
f31191407,0.4758
3284ae9a1,-0.193
ea1ff7f5c,0.02965
d79537761,-0.1707
24e7cd638,0.232
5d49b3495,0.096
7ea992c13,0.88
9f2b5b246,-0.00588
3db285c39,-0.0574
077670aa0,-0.4863
80143e757,0.05563
2cbaf24b1,0.0851
ece951891,-1.834
621d338e0,-1.782
ee0cbca40,0.2898
3ed4c6f35,-0.4873
0e6bada1d,-0.07404
1716d3c98,-1.597
804db3e6f,-1.304
19e8508a4,-1.64
489f0d2e4,-1.86
e26914a57,-1.747
751113abb,-2.2
50e970a38,-2.307
69600d2e9,-2.049
854fc1710,-1.858
dcc3df7a1,-1.51
f812a9b5b,-2.547
32815bd70,-1.616
50a424646,-1.092
8abdedb08,-0.6333
91f7e030e,-1.325
6df66308a,-0.8135
6b95e3508,-1.277
329899737,-2.352
7130069dc,-1.213
71b10cd34,-0.9727
f0ddc51ab,-0.4675
d45abbed1,0.01173
4eba2039c,-2.283
964b687a5,0.309
0637d5818,-1.238
aae3150c4,-0.628
db0d5ba4d,-1.185
c5f12dbf3,-0.7954
e626a6367,-0.321
9c7728077,-0.12366
824ea20cc,-0.7026
95797dd7d,-0.568
327c0085a,-1.733
fad51d3c8,-1.646
3b1a28713,-0.857
3f33b36a6,0.01374
bfa588b2f,-0.6895
cfd196202,-0.805
5e8e57468,-0.727
4387e650d,-1.659
485e5e212,-0.3843
2fa0b13d5,-0.5195
a7ec6374c,-0.5366
eb57cde1c,-1.107
3efb796e2,-1.463
4782886ea,-1.037
ed374c972,-0.763
06e0d89b4,-1.737
ba9b7c9aa,-0.3457
fe42492d4,-0.0677
ca520088f,-0.9497
cf2e938da,-0.609
26c8fe3f3,-0.008316
ab408e89d,0.3274
7d99a764d,-0.0531
102098a3b,-0.9985
a224655f2,-0.3416
a654b2774,-0.5244
d2b59b45b,0.2822
328b74259,0.0321
ecb291af9,-0.5317
3fa507d01,-0.658
407c92bcd,0.0716
6e3c36a07,-0.5996
76e040fd0,-1.539
dd54ca86d,-0.9536
c0f9a68c4,-0.701
ac7b567bf,-0.2351
0fa8b8d18,0.237
b25ad4c02,-1.031
fe6abf2d5,-1.327
fca71161c,-0.6353
59db21dca,-0.02869
734441146,-0.9824
530e61a52,-0.4636
2ef64a4c3,-0.7163
f076d8942,-0.2375
eea5994cd,-0.8936
67e42e414,-0.8643
0a307851a,0.1589
b18147e5e,-0.0923
d7ea6fa85,-0.283
123089f0d,-1.153
c67974fcb,-0.0237
6a5a64db6,-0.8037
085750930,-0.844
118356e7a,-0.815
21ae4630e,-1.093
27ae759b3,-1.782
5ecf5daa3,0.3047
848e8bb68,-0.493
fb5388070,-0.5645
90cc9869f,-1.177
8d666ccdb,-0.6733
07dd19b18,-0.515
b5863e37e,0.113
c273dccac,-1.686
a9624bdf8,1.01
9b4e8bd32,-0.4814
097311017,0.567
51cbd03bc,0.076
4020d4527,0.4065
c14f4a3c3,0.768
966bfb330,-0.1857
53cb4f181,-0.4785
92e3a54e8,-0.1321
f5fd15b56,-0.3606
4e00b8403,0.5005
19118c7af,0.075
848ce782a,-0.01855
2c94c9e34,-1.523
2617a9b90,-0.138
5ab9aaeff,-0.772
ef23ee9af,-1.317
0cd8230f8,-1.818
65e557a34,-2.51
b95eb1d3e,-0.294
9788d8043,-0.692
7448774f1,-1.414
f0d06ab63,0.565
bbee1c554,-0.388
2b4024021,-0.638
d52ee40f0,0.4456
fa0b71d87,0.3643
dd7d0d74c,0.143
a341fdf3e,0.2673
be4736207,-1.092
2b02d86a5,-1.035
ed65d0f3d,-0.233
e60f4e31a,-1.799
99dd7d90f,-2.707
1ffdf1576,-0.02594
6fa612e10,-1.235
396ccfba1,-2.076
c4704e381,-3.205
3c8cc67a6,-1.446
698dcda87,-1.496
2a36e28fd,-2.764
3f4d05380,-1.795
711f87410,-2.191
cf48c7441,-1.197
bf0d08b6a,-2.012
08c96cd09,-2.773
944aa5331,-1.332
2985f4021,-1.269
24288b9a5,-1.738
4f53dd071,-0.82
f79dfc781,-0.7466
7382b7a7a,-1.817
e3809434d,0.0968
9c5ff50d5,0.03113
25f93b2f6,0.2379
2baf404d8,0.7915
dd1000b26,-1.272
0a43a07f1,-1.416
f7eff7419,-0.1428
c57b50918,-2.014
587502a70,0.2169
66f0a9ff1,-1.5625
e4f3550b2,-1.262
2df8a90eb,-0.788
fc36fd8ff,-0.84
8cc328cc3,0.3706
086a01dde,-0.787
e492c3e0a,-0.745
419a460ef,-0.2515
741b12820,-0.356
b6f05e0c2,-0.11926
bebf505e3,-0.1783
b5d69a031,-0.1832
61d943954,-0.1508
526455fc3,-0.603
89bc2974e,-0.984
a1940242f,-0.954
7f947f364,-0.713
6eb22333a,-0.813
669c8bb53,-1.417
9ce1ddb37,-0.967
a45668166,-0.2043
72abfc738,-0.5503
fb249919c,-0.7554
bf2b74953,-1.392
865e80e6a,-0.782
82eba3cf1,0.12256
d6461df4e,-1.069
7aad3c01f,-1.042
3b3d2bad7,-1.473
2490e8a15,0.00546
56dc08499,-1.192
020e5345a,-1.71
2de580130,-1.49
0555a5d4c,0.1562
0f01f53b1,-0.4307
0a06bcbc4,-0.8555
27e1db8fc,-1.624
c1f093311,-1.117
51cd672ae,-1.557
141c0439d,-0.708
ab4947fd2,-0.46
f85f5ef42,-1.01
4549ad3c0,-0.3086
acd3f0207,0.3323
0d3a8f33b,-1.571
c46e26fb6,-0.2766
6ee4f1df3,-1.715
8c3532d5e,-0.8364
a512494fc,-0.721
797c77844,-0.7705
069d0da0f,-0.7603
c524ddc05,-1.176
1eb28e98e,-0.1534
a78c5d564,0.2119
f8c8e64bb,-1.728
6e39df98c,0.594
b9340b6e4,-1.253
a4fe184a7,0.3196
b9e48c16b,-1.149
03fccfcee,-0.2634
525766d24,0.06915
b52f3696a,-1.214
dbfa3780f,-0.8716
a01ff5dc0,-2.076
b5164ad5e,-0.10754
70b52f9ec,-0.605
67c4ede2f,-1.433
273baf218,-1.785
c83049ee2,-1.068
05c2f2fb0,-0.934
98b62b4f5,-0.2917
ca85ccd97,-1.739
8f721c292,-0.2935
d48328468,-0.739
35a56340d,-0.05017
ebac871b7,-2.227
83f77fa83,0.5312
7ba209d4b,-0.9805
478a77c74,-0.6514
bd4d3fd35,-0.3237
feb6c61dd,-1.283
6ab432eb0,-2.295
a24031f43,-1.547
9a3b4c21f,-1.414
84fba32e2,-0.8975
9c48938f2,0.256
c6c5c7b1d,-0.3184
6f8affb27,-1.097
27221e5a2,-0.009605
2a56edd5a,-0.507
5724967c7,-1.034
90ba26317,-1.154
4b9e40924,0.0686
29c7b573f,-0.759
e0c5e988c,-0.246
b949b1ef7,-2.422
747e04d46,0.2808
a4fa3021c,-0.6895
4df967e22,-0.0664
7099e038d,-1.393
ea39d6014,0.398
a20087e7c,-0.566
d2f71c57b,-0.5366
708324262,-0.4211
073875f13,0.281
0d90e92a3,-0.682
39ddf1d39,0.206
e427c1a62,-1.969
88d52f8e2,-1.983
200001c2d,-0.513
65c3fc984,-1.085
a26d6d550,0.2068
c19430bb5,-1.269
9c11fddcc,-0.9917
5e818791b,-0.4263
858c1c937,-0.1952
60305c619,-1.119
80a6e054b,-1.066
5571f838d,0.4714
70889932b,0.1486
041370a06,-0.06247
a64a9ee5e,1.049
e18cb726a,0.489
6a5350990,0.3403
952e7545d,-0.35
22a65768d,-1.62
d2ed034c7,-0.474
5f6bddf7e,0.2832
d5fb5c973,-1.32
8fb1cf05f,-0.8
bb3a5dad0,0.05328
886fb8a49,-0.422
e5ed9fe10,-0.843
e4c6bc97a,0.3152
85c3fe33d,-0.2068
6c603c6dc,0.6665
c89fe1521,-0.4043
b3769fbe0,0.252
f113e6d15,-0.576
848d00314,-0.2103
c7be17d70,0.311
e89267551,-1.113
f4d52c329,-0.64
b84fb22ef,-0.04578
74f266b31,-0.029
3af1c6ed0,-0.001863
5ab7669bb,0.0771
261432a07,-0.5854
09f2bfe05,-0.2764
79e11d324,-0.4495
30cab6ae4,-0.503
b07592b93,-0.4895
ef60b30c3,0.5303
d74dbaa08,-0.2634
8397654c4,-0.8506
04caeb3bd,0.6567
79d17eb82,0.0918
84916bfcb,-0.747
b55026bd9,0.155
3a91be9ef,0.4026
20f3a0c5c,0.3225
b81464e80,-0.2214
069359db4,0.3718
db67bd439,-1.333
6263c49aa,-0.7686
518a0eb0e,-1.557
f8a732236,-0.555
89948e4ea,0.2172
01cef15f6,-0.992
198df7617,-0.1458
cd98c6a15,0.457
52bb23cce,0.521
44e25739e,0.276
92a0c2d46,0.264
f305c0e4a,-0.346
e74cc0839,0.1766
7c52601b9,-0.981
034bfda3f,-0.595
ef7091d7c,-0.5015
e97000e5a,-0.5396
d23861773,-0.7236
849971671,0.4736
42040e08c,-0.6216
ab21a5be7,0.3235
dc05f5cbd,0.1992
c9bbb69f6,-0.3958
93621e190,0.831
c911a8e1e,0.4575
7a1d484be,0.978
6c021c53c,0.293
0ae484f14,0.2664
314809a6c,-0.2272
5cbcd3d07,0.899
7e6f263bc,0.855
e84288bc7,0.1527
17acf292d,0.002409
0ffa97fdb,0.6724
d36a81a17,0.6465
c88dc44b4,0.02725
3b8d5410a,0.1959
64e630e0b,-0.8096
641c1c7e5,1.025
bb481343b,-0.3293
243f9f286,0.0878
8a4157251,-1.142
6303d0608,-1.17
8c39eca3e,0.597
ad2423876,-1.171
3cfce94c0,-1.163
3c1662f6d,-1.204
316a6bfad,-0.998
736909e7d,-1.294
ef8dadd8e,0.10126
f6693dda2,-0.8384
fb3a87374,-1.627
4d0d6a016,-1.366
24e6ebf80,-0.9126
b4d3d8ef2,-1.317
de47da2fb,-2.877
46a1be37e,-2.324
96eddffa4,-1.827
3ef19afed,-1.126
4e092e773,-1.618
91baeb938,0.4294
6108bfcfe,-0.266
0bff554c0,-0.05142
078e5a9d1,-1.414
79806b5a8,-0.8105
cb354ebe8,-1.438
21436de64,-1.439
e1e6416c6,-0.863
eb4a2f7bf,-0.5317
8a78b9740,-1.763
0a51787d0,-2.115
f84c4a1c0,-1.369
ebd23c3cc,-0.9614
ff5668ed1,-1.082
0bf29d257,-2.645
fb06f97c8,-1.17
46ee3a263,-0.9653
0fcd87cda,-1.414
07cfb6556,-1.586
ce24d2a6e,-1.07
d70a641ee,-0.8984
d85a0c0c6,-1.304
1e04098af,-1.537
a2fb656f7,-2.219
f674def91,-1.83
f204303a7,-1.509
238ce2846,-1.936
cb3ba497c,-2.178
844317999,-0.873
a5bd668ac,-2.334
30399f8c6,-1.832
939323ac0,-0.7344
3acfca44f,-1.918
99f325daa,-0.9053
f76edaa28,-2.227
501311b2c,-0.9077
c7d75f3b3,-0.4504
c7597befb,-0.5884
85af75ab8,-0.941
69dd3889b,-0.4421
4485ee440,-0.5986
24a74e4fc,-1.845
bf24448fb,-1.331
0852e8d60,-1.035
cfcdf34b9,-0.9883
ee3d4e77c,0.6567
3586e4c55,-0.993
5d15769f1,-1.394
8779be41b,-0.8745
d28f49d8c,-0.879
eabf391b9,-1.995
54163d93f,-0.12286
3992c344c,-1.315
1005380ca,-1.516
764ff4139,-0.8916
f644926c8,-0.1992
179dd034c,-1.412
ae7995172,-0.7544
3f5f4778c,-2.355
38da5163a,-0.747
7d2dd3148,-0.614
4f3a219cc,-0.678
4b313c0aa,-0.6826
3299b1723,-0.8936
30d04088f,-1.173
509adac58,-2.215
11210ce55,-0.85
ed8aaee0e,-0.2114
33864b08f,-0.991
4f3d94050,-1.92
915863fcb,-0.3416
6fa71e03e,-0.5835
8eb7aefc7,-1.285
99aae94fc,-0.18
0feaa7c39,-0.597
b38cef398,-2.186
e38a53eed,-0.6904
c2d353907,-0.6484
ea3a59f42,-1.411
fdbacf1d4,0.3406
8ac958dc2,-1.016
3b0c66915,-0.434
221722f91,-2.164
a357353c6,-1.534
b4e124f35,0.2708
a0efdcd1d,-2.574
6efbd9c25,-1.741
32e3b2efe,-2.145
2dc904d3c,-2.258
c744465b7,-2.648
0751844bc,-2.621
69124eeaa,-2.379
cf2eab6a6,-2.318
afeb324bd,-0.7627
9bca45412,-0.8423
5edebeded,-2.76
3321a48a6,-1.792
20758ef4a,-1.524
b83072bdb,-1.88
d9827fb0f,-2.082
51d407f43,-2.895
35214a762,-1.164
3d800ce36,-2.203
918940da6,-2.346
f8aeb3b98,-2.832
b9f0de9f7,-2.562
29fee0f5a,-1.843
99204e583,-1.6875
a52bf84c5,-2.639
400b5fb6d,-2.078
6ae215054,-1.974
968c283cd,-2.867
7c6c55dd9,-1.654
ae2081eab,0.09296
a5d622faf,0.3142
8f8e9fc41,-1.797
1b4f8e807,-1.187
716f4548c,-2.482
73a49c286,-1.899
0de5939cc,0.639
3b39139af,-0.1256
44e81c99e,-1.978
1f8e17b78,-2.639
0ae3b1e64,-1.711
030b56bc4,-2.262
7d63bedf7,-2.328
ada447e86,-1.444
d9a7b97be,-1.748
abd03a6a5,-0.888
58a4e027a,-2.08
ff4126703,-2.43
fffb83ae3,-0.6475
eaef73f9a,-1.385
12d29c137,-1.328
4df97a927,-2.562
662c8504a,-0.9565
d64329167,0.2355
de47759ea,-0.3064
37f0e2943,0.1555
96c1afccd,-0.7334
d7116bca8,0.3667
7ff68b5da,0.05377
d56971604,0.09863
aafcf165c,0.204
9e619b223,-0.2854
b2887cae9,0.308
5c663d467,-0.1672
a3e39d82c,-0.593
7505d2ecb,-0.612
119070b51,0.5522
05254a3bb,-1.111
4fce9ba3d,-0.365
2b2956556,0.05182
11cfbca18,-0.906
71b1c3766,0.06885
b3899a2ee,0.1382
08e6d6d7b,-0.7744
95c02c078,0.701
9a9b134c8,0.1846
3f8e99a66,0.4739
9226a49a7,0.683
a62b7b3b4,0.6724
dac9444a6,-0.4143
41047dfad,-0.2944
cca797996,-0.127
cb9f1209d,-0.837
048c390ef,-2.55
32d579996,-0.001976
bd5200410,-0.381
a826176fb,-0.3806
e30f07b5a,0.6094
014512f13,-0.55
41863101e,-1.075
50efa270e,-0.936
c4b1ecb93,-1.173
53e9470e6,-1.748
c75df277b,-2.217
30c42464a,-1.532
583707316,-1.187
17b36b6bd,-1.719
d2f715e42,-2.598
fefb645c8,-1.1875
466727e29,-1.016
e2810a167,-1.887
95e9434f2,-0.893
37f6f8e6f,-0.7793
be40d522d,-0.7974
70ea81fcf,-0.856
41d76962a,-2.12
61ed38362,-1.973
7ebde0a7c,-2.139
aadfca281,-1.805
a2298a161,-1.166
11fc86ab3,-2.746
be8b95ec0,-1.626
4142d9032,-1.7705
ff30cf178,-1.836
7f482dceb,-1.612
a9dba43f4,-2.178
001ef05a9,0.622
b3c3a4ada,-2.756
ece75211d,-0.535
ef4dd7344,-0.07886
6ace882a8,-1.733
a674f6c38,-1.589
cd4a51e02,-0.3403
01255dd3d,-0.604
b2307a80c,-0.1065
513bd77b3,-0.6797
ff66deb88,-0.715
75d2b5e2d,-1.142
4c0532594,-0.877
0751ef6cb,-1.0205
a910bc7f2,0.02914
aac8c0e7d,-1.147
48e010492,-0.9146
580715b3c,-0.6807
847cf3d08,-1.155
6985f427e,-1.496
a9a6635dc,-0.778
ab29cc29a,-1.995
f56e91ef9,-0.6196
c802bcec6,-1.575
6befdf5ed,-1.182
c40a66044,-1.403
b56a17586,-1.473
08b76b5af,-0.734
2018deb15,-1.095
3ec443d49,-0.9453
3c48bf5aa,-1.287
3533ba796,-1.17
5c406b096,0.02167
2ba521c55,-1.88
b82588521,0.3376
d9eb41f75,-1.021
f7137b4c7,-1.763
8f4de29b6,-1.228
8b34d870a,0.3867
23940648e,-1.128
00ff70835,-1.02
df4390e2a,-0.7935
13009a21b,-0.3286
8ddf679c7,-0.2666
d45241a96,-0.003914
3b1faa196,-1.124
74c83ad4a,-0.607
b61a1b4dd,-0.4321
dac1a1d1a,-0.4307
bd531e0d9,-0.393
464cd0f3c,-1.757
9b3213b77,-0.4392
6e48a64ea,-0.06866
deb3d08da,-0.8174
18f1a757f,0.1487
0975adfd1,-0.8105
c6e6c1fbb,-1.902
b22392e0a,-0.6123
5e2dc0d55,-0.286
ce8c7bec8,-1.084
8160b3b3c,-1.101
47b6010d9,-0.9365
564f5943f,-1.15
8ae20b895,-0.07825
43999fc11,-0.0981
1de294528,-1.127
031f30122,0.447
ed95e9d53,-0.4863
93999db62,-0.436
35d89eec7,0.09247
28876f9d2,-0.3213
16dfce6a9,0.774
8d2b2a88a,-0.395
6188a6dda,-0.984
9fbfabd8b,-1.392
c69bb27e1,-1.634
9fc039bad,0.3066
726a4ddb5,0.602
82486c2a2,-0.461
21588e6ca,-0.9277
cb37ae268,-0.621
338934180,-0.4214
fb8e6baa7,0.691
788cb8492,-0.4124
7a3d486c9,-1.307
44b882d7b,0.697
cd0a82e55,0.6646
bbaeb1277,0.6177
3c7597144,0.2532
4a90b4554,0.707
7f4525afa,0.3347
91e87e7dc,0.0967
c092acf55,0.5815
346a3a3b3,-0.8813
74221a3fa,0.6904
39cfe9fb1,-0.288
9cbc92ce1,-1.743
470ef2132,-0.6465
18724c21e,-0.5566
b727d1faf,-1.509
c00b2023c,-1.374
ccecebc17,-0.8276
3c0447a11,-0.687
ac480ed26,-0.754
575f6a437,-1.595
6c755953d,0.1079
b858f1375,0.358
daab29b47,-0.564
4b41bb2b5,-1.3545
055df866f,-1.98
1c9fe933e,-1.55
caa3eee41,-1.548
4590548e9,-1.914
620c94c7c,-0.6235
76fe1a630,-0.0935
7aab1d5fd,-1.971
cfdf06155,-3.016
afe0798cc,-1.903
ad5b96b41,-0.878
1052d28f3,-1.403
1063b23ce,-1.822
5fc294936,-1.139
83ef18d6b,-0.8945
257eed703,-1.761
b56b87069,-0.1499
4eedcc112,-0.319
95413908b,-0.9644
67142a9ad,-1.282
ec967b467,-0.1061
9eea14ccb,-1.584
eb7ccf8a3,-1.734
571901e17,-2.346
9611b9cfb,-1.219
02817cbd1,-0.2355
3ba0b1f96,-2.31
f482c02a0,-1.965
b9d1695e2,0.2969
b8733aeb1,0.3713
25ca8f498,0.7983
5b990ba77,0.1704
b69ac6792,-0.3728
37c1b32fb,0.9897
8d8a2667f,-1.377
60ecc9777,-0.0904
5e7c0b55b,-0.6387
918a52c5a,-0.3933
bdd8488dd,-0.087
0cc4c4124,0.205
4835579c1,-0.1488
e355dc94d,-0.6084
a925cdb49,-0.5625
cf3189919,-0.643
5a14e5c1b,-0.2468
cb682b5d0,-0.8813
06ce84c6d,0.3748
92de89438,-0.703
da2dbbc70,-0.02487
cbbd1d214,-1.395
436ce79fe,-0.0957
8f576a796,-0.4788
664ef8cdd,-0.6865
0cdf53452,-1.9
e9a3ac07b,-1.365
b81d4f07a,-0.165
2fd1bc415,-0.8745
17f811ae2,-1.057
dd679b1ae,-0.436
16e883aee,-0.3071
c25c2e48c,-0.9756
4563a70ca,-0.6934
df052152b,-1.306
5b786d0b1,-0.603
dab96a9ab,-0.0482
3985c8e37,-0.5884
d031fb6b8,-1.668
13c214c34,0.1891
f317805ab,-0.4302
2cc85e648,-0.3389
dd3eebaf4,-1.159
c77f6c356,-0.4749
b9c1ffa01,-0.9893
33c8209b0,-1.432
d2bc997b6,-1.808
5258eed6d,-0.7593
680ff0495,-0.721
09c41e31e,0.4756
659e6b1af,-0.02675
f449a79ae,-0.1183
a26e55bea,-0.6045
2b2fdfc8c,-1.497
92a8d63d2,-1.725
84101eee4,-1.138
674bd8368,-1.016
94c1c23fd,-1.469
50c339373,-2.074
137af2682,-0.04874
9357b32ff,0.5005
e83d8c94b,-0.5034
68030b769,-1.066
9fefb4259,-2.023
5e1c3fc3c,-0.799
4afe4aad8,-0.3767
701310673,-0.9067
f8c88833f,-0.1486
dc9fc8155,-1.401
f88faca70,-2.256
7690c0d22,0.1362
50dc68f2f,-0.722
7c732b8bb,-1.345
fbcb3dbac,-1.123
043049ae7,-0.753
23e34b043,-1.675
e2050ac7a,-1.538
a8a4d23c3,-1.353
0c66f669a,-0.7183
ecfffa27f,-1.109
f378386f4,-1.576
ea57f3753,0.907
7f1427de9,-0.2305
0febeb424,-0.6924
403b0ca76,-0.7593
645d438fb,-2.066
c481b3218,-1.774
edba35680,-0.666
38d1fb000,-1.469
d24612311,-1.193
19bfac449,-0.9365
1eb302c9c,-0.591
5d8da7a16,-1.757
9fb92d9b4,-2.104
933e78b0c,-2.426
bf118dacf,-1.845
c33c1cbc6,-1.022
83987c412,-0.00668
5e96ed266,-0.726
1df3f8354,-0.1785
adf04a8f4,0.1339
86d76609e,0.0269
29cd28197,-2.25
03fed49a4,-1.055
25418ac78,-1.141
22ebf369e,0.3015
5b63df3ed,0.4602
190892047,-0.352
23fa02682,0.7144
9a1ff68f0,-1.176
66c40304c,-1.891
e21a8d1fb,-0.3992
7bcdf0b70,-0.4465
94a7d89ea,-2.357
7891283c8,-2.014
6d7a84402,-1.039
4871563c3,-0.6606
c8a491c6f,-0.2927
0301013cf,-1.502
5b2fe7764,-1.567
a9e5ef5e5,-1.468
861539d4c,-1.816
da2d9831a,0.8457
8a2b83b06,-0.5576
067b97b3e,-0.874
bc1fb901e,-1.668
994cc6091,0.6196
bae209b89,0.08923
33a5087e7,-1.505
c6ac6a81e,-2.41
3bd492e5f,-1.591
fe6620086,-1.217
31aba067d,-0.09125
6c04954f0,-0.7188
bac396931,-0.2842
2d91125e2,-2.11
9ca3de311,-0.814
11c3536a9,0.1553
8ad831af1,0.2695
82a6d3579,0.1738
7406f3ec9,-0.06235
169427af9,-1.088
190b37c5d,-0.3923
c3f7b5a72,-1.019
ce470932b,-0.1626
fe19cd82d,-0.4023
cd5e78485,-1.353
639596b83,-0.869
90a777ef2,-0.0442
d42622eb6,-0.08405
be4393b13,-0.608
695bb0ad0,-0.3123
33030f528,-1.198
a9224074c,-0.2094
a9829cf3d,-0.1506
0bd33d156,0.0171
3f2a8972d,-0.819
a23df5190,-1.045
eaba56724,-1.483
791a3018f,-1.52
ac2d318cb,-0.3716
b6a8c1b6d,-0.519
989afe6bf,-0.848
124de178b,-1.194
4cf4a2fa3,-0.3008
7aeab5aca,0.08545
8878141a0,-0.715
563b1c260,0.4282
9497ca7b3,0.2866
b690db35a,-0.11053
620f1eb43,0.3892
ba96ff079,-0.8726
bb02f66b8,-0.2595
2dad3528b,0.649
7a8c7b9af,0.6294
1c6ffcd35,0.6265
78006971c,0.3928
08c7bbf09,-0.0275
f7c409bed,0.005707
4840d2cac,-0.272
f4612c761,0.5425
871c880aa,-0.679
383d1fd4a,-0.2372
c429433da,-0.635
2ed964d21,-0.393
f3923203e,0.274
57ad297c5,-0.515
1627fa147,-1.323
f71ecd9e9,0.8545
dcf85ad40,-0.3237
7350f59fd,-0.2233
3a251b3f4,-1.278
dcdb76d20,-0.4814
c72336fa5,-1.844
50e7e7f29,0.2808
46de95092,-1.014
20a7c954d,0.977
eb4e3cbc2,0.3518
25453cfdf,-0.562
70d41e95f,0.9907
124782d8d,0.6157
e7d6acd2e,0.4968
39fde689a,0.3347
7d262dd9b,-0.2603
cbd39e3aa,-0.5474
3362c7f9a,0.0918
9ba54834d,-0.1488
c182a398b,0.2411
d6ad3a9f9,0.4985
c1e021c32,-0.1792
45f01d4f7,-0.04895
2dd95c781,-0.139
69b153a1b,0.4548
9c5846f9b,-0.7427
d94fd9e15,-0.9927
64b635d77,0.2081
e50e4b781,0.6343
c2f2356f4,0.1659
9f63010ae,0.05786
4900e5f25,-1.002
7cda5f625,-1.471
9a52b02f8,-1.39
d96a6c50d,-0.5063
924cdefd9,-1.181
a476df8a0,-1.229
97e96043b,-1.029
07ede44bb,-2.465
a44d55893,-1.006
17f96f2dd,-0.06714
ef53c25d9,-0.498
dccc13f89,-0.658
e0f73ae9f,-2.094
9f92bbd72,-0.973
df4468377,-1.587
af68dd0f2,-0.4592
532994791,-0.8857
54f550af1,0.2025
f04e03fd8,-1.824
fbb641560,-0.5083
7822e2ca6,-0.555
9729b676a,-1.454
c6a1d59a2,-1.88
376438ce3,-1.525
e32075042,-2.045
d1aea5953,-0.843
895a51290,-0.5474
cce4e4d35,-1.327
37d4bfa13,-1.3
61deb8eed,-0.0724
af362cca1,-0.12445
dac02af65,0.0641
f8bff64b5,-0.7896
e6a53230e,-0.696
f68b10085,-0.1893
71f0d87cc,-0.8296
0883ddb34,-0.1473
b2ddc6a72,-2.32
4766cdb83,-0.1971
0c21ee6f8,-1.5205
4377e3a0d,-1.141
40366641a,-2.773
7619f7f19,-2.012
b40a35033,-1.793
bfafffdeb,-2.266
79bd72801,-1.683
398ababd9,-1.115
092858ffc,-1.67
488ef7f62,-1.646
ffe773ae0,-1.587
a5c477895,-2.322
a723851da,-2.076
739e1ece3,-2.299
8d3b40b83,-1.052
20a9f9032,-1.378
7d0ad080f,-1.579
a66fce0e1,-0.02365
8ba9cbba5,-0.8267
1f67575c0,-2.178
0a78456fc,0.532
bb12c1dce,0.1305
e073edd52,-1.213
273a8a326,-1.389
79eb821f1,-1.007
9a9f08677,-0.8364
95ab43828,-0.964
4b383dfae,-1.793
a1c026e10,0.1414
445016ca7,-0.729
73a5a03c8,0.7925
3fdffab6d,-0.02321
ab86cc8e8,-2.21
f668c926d,-1.762
5cf26d3b7,0.08844
4ba8e0311,-2.195
138431178,-0.934
c38382a68,-0.888
60fae6c9b,-0.766
12fd9c2cc,-1.412
eb8cb615b,-0.572
b3881ff46,-1.888
ab9d15b8f,-1.2
c5497ad0d,-2.36
464d6bd5c,-0.9326
9f4d68402,-1.479
1c0e7636c,-0.8643
e5c34d611,-0.7705
7a354d603,-0.8535
1c2312a79,-0.4346
3fba18c1f,-0.534
53fb1b2ac,-1.305
ad91fe6a9,-0.004967
5d28cfec5,-1.317
953bca512,-0.7144
a789c559d,-0.4858
727c9e1f9,-2.371
50618e1e0,-1.916
530c32ae0,0.669
072ffa613,-0.2876
90d7ec34f,-2.326
8391e14df,0.345
aa91b51db,-1.671
28865b1a8,-2.066
7257ef363,-2.104
f6172c6a5,-2.092
ca26a62a4,-2.705
ee5598bed,-1.049
209478cd7,-2.553
ea6d18550,-2.186
240b89006,-2.309
fd22f6f1b,-2.117
23ff6b3c9,-0.5
3974b08a4,-2.252
bf2b536b7,-1.286
694fd5ea9,-2.422
9d6cbb6d0,-2.316
28c7386e7,-2.42
18af5aaa3,-1.879
8e11eb352,-1.741
a61c4b2c3,-1.84
2077be0a9,-1.726
00f023a86,-2.352
0caf33b2b,-2.504
4626100d8,-2.55
1fef593cf,-2.82
ea6f427c6,-2.168
7a5d19db7,-2.23
87b87e466,-2.096
1aee30059,-2.227
dc0b5a7a3,-1.385
4169649f2,-2.246
c85db4cc7,-0.4246
5160a9801,-2.395
3e7c9cead,-1.438
5323d5c29,-2.188
84d86d648,-2.666
80691eaa7,-2.037
9ea42e4ab,-1.9
367b40adb,-0.71
c4e09a85e,-1.962
3682a03ea,-1.725
f5e0c410a,-2.08
1433b32c3,-2.426
1e77a04d4,0.1041
682b7a59a,0.872
108700fba,-0.525
53bc19945,0.505
2356f0d62,-0.293
b93784bb1,-1.871
ac8a70925,1.298
fb13e084e,-2.092
b163bbf8c,0.5205
93eada7ed,-2.22
85b41606e,-2.107
7f42b2204,-2.322
0301b92fa,-0.11334
e11faa74b,-0.7114
4d9c7bc5f,-0.3855
c51e0ff6c,-1.656
c7905e412,-1.367
185499138,-1.421
c8e2fb22b,-2.342
1e7cb9295,-0.655
3fe2d53fd,-1.472
26130bc8b,0.533
e14aded9d,-0.00806
5f044113a,-1.252
388c83bfb,0.2349
0c101f2db,-0.492
db96da49b,-0.007095
3fb0cc126,0.3845
545bdd4f9,-0.1823
fb68de723,-1.003
dfae5947a,1.067
c94355a18,0.5317
6a7bf1b8d,0.04272
a995ad06a,-0.1581
dc1704b87,-1.249
f19a4c051,-0.2974
a5fafea13,0.2664
ed95c6f1f,-0.158
418b83e47,-0.012634
8adaa4e4c,0.091
e7010d02a,0.4224
80779b789,0.0748
0869a5f53,-0.7666
54abbaf34,-0.4277
62013b808,-0.002989
ec45bd222,0.3005
ff5dc1c0b,0.1782
c1a3fb624,-0.6567
d2208fccd,0.399
93d838248,-0.546
acaded704,0.1497
b6174e8be,0.747
c65dd520d,0.419
508973de8,-0.1106
9bb35ecb1,0.565
fc8597e53,0.284
07ac4c066,0.0927
1e6190236,0.5234
4625afea0,-0.1104
7b4d8533c,-0.7656
7061bd6cb,-2.193
03ed80951,-1.773
eb50b525d,-1.012
9f9482dd7,-1.647
7c053644e,0.01843
318f98420,-1.105
ba3ce03c3,-1.525
d37afc021,-0.0334
6616c13a4,-1.802
de62673ab,-1.341
1f230e623,-1.277
0106b8223,-2.2
93862fdad,-1.03
10b11563d,-1.061
c95b9ef21,-1.487
2472396a0,-2.133
c3302a176,-0.7085
2ade9142e,-2.627
ce2625cff,-0.833
e475faceb,-1.898
f994af4e1,-0.625
519ca97e9,-1.858
e0afb9219,-0.0278
7a0e0eb5b,-0.59
71e6d18b3,-0.2996
6dc503900,-1.132
8b6e9878f,0.3203
2defec2e6,-0.6636
b92a19ac7,0.1127
462cb08e3,-0.38
ac92cfc37,-0.229
9635671b4,-1.356
376090428,-1.556
f95a22e93,-0.8438
a7d777123,0.1039
152fb715e,-2.072
47d6aff90,-0.6646
5acc8134c,-1.164
49965b919,-1.42
bcef3659e,-1.079
12969e286,-0.7773
21aa5477d,-2.213
3a3a8a83c,-0.3027
1b69a927c,0.4348
e741d2e9a,-0.635
0d5063385,-0.6963
79d18bcf8,-0.3284
edd0518d3,-0.632
23106fc3a,-0.616
f61d1af0e,-0.425
1ef2620e2,-0.226
5f96da48e,-0.1136
404180835,-0.4802
4f79287ea,-0.2039
a12fe70cf,-0.2546
a65fb236a,-0.773
da4cec179,-2.002
15f2cb16c,-0.547
c2b315a00,0.3958
a16f5d2c6,-0.4236
c01b34c77,-0.7134
ddf896b32,-0.198
ea4f40ca6,-0.4927
3c5efe178,-0.09735
5b34bfeeb,-0.978
2b58c6708,-0.4424
dcb44d2a8,-0.4617
c449939c7,-0.476
488cc7730,-1.237
fb3c9e614,-0.2231
238a684ff,-0.1768
fe497d6b6,-0.3523
8729ce308,-0.2874
4e809bc06,-0.651
49d980e1a,-1.352
3d608fc1c,-0.01421
a20b7c831,-0.805
debb0013b,0.2344
61a2413ba,-0.1076
dd1c1c773,-0.001139
bd3d86f22,-0.302
cf898ee98,-0.966
8a9bf826b,-1.408
96f6084b2,0.6543
16c6b6f52,-1.1875
4022385bd,-0.9194
53ee8fd57,-1.297
04005df65,-0.298
0505ec0d6,0.02483
29784afb6,-0.815
a52976f6d,-1.5
a67e94e39,-0.06995
83810dc29,-0.2418
4f96f7a0f,0.2397
e82d5caca,-0.1823
60acac5fa,0.4133
2e466993d,0.695
df72292bd,0.737
09ee04799,-0.1259
a1ba30134,1.057
64ebce72c,-0.2805
f79f81e16,0.5073
d46185a7d,-0.675
cebfcfb33,-1.582
d78716d74,-2.445
dab7bcf73,0.1069
7e777d654,0.02763
67b57e1af,-0.3906
142300e12,-1.846
05a66a8b7,-0.699
94ff68620,-0.699
e79369a60,-1.666
f5ac1e0c3,-1.985
b55a027aa,-0.6333
35f8e37d1,-0.7056
4a1333b11,-0.9004
c513ec92f,-0.7188
f9fffc984,0.3647
80f1e0cfd,-0.0858
f86db50bb,-0.7393
4c5ee9852,-0.4282
d009573dd,-0.699
818cd12b8,-1.322
f8cb3c63b,-2.416
130249280,-2.223
bb2259bf6,-0.1608
80d312c02,-0.999
6d9725cb4,-0.7124
3b8487bd0,-0.6885
196bb8e99,-1.837
4c542ae57,-0.6304
46e7240c8,-1.718
2130335c8,-0.881
252d9e8ad,-0.831
ecf99de57,-1.057
6adf32ac0,-2.053
b4b620ce2,-1.551
90c128b48,-1.825
81d9f2f4f,-0.0945
b2f57788e,-1.822
dc8bb7a8c,-1.199
253d55031,-1.819
6060b06be,-0.3386
14972af78,-1.485
1686d6ea3,-0.8394
2b3f1f54e,-1.847
df6f22f73,-0.8564
d709d7022,0.4253
2c26db523,0.3005
c12129c31,-0.1891
85aa80a4c,-0.2476
eaf8e7355,-1.071
af79954c5,-0.0322
057f69731,-0.5215
47e98a5c8,-0.5522
aa6f9e224,-0.2109
83e4f4031,-0.5913
4b7a4b258,0.2883
b8445380e,0.3179
860580bf0,0.4172
2dc93434f,-0.806
e97e914c6,-0.2705
59d87380b,-0.924
fa84dbf46,-0.6636
97376dd89,-0.0414
3941a0775,-0.8765
1c5eaf24e,-1.35
0f1656963,-1.374
a7b02232a,-0.336
9e69a612d,-0.05844
08aa1ae28,-0.3865
f0f26aafc,-0.1493
b533bc27e,-1.35
5accb45d5,-0.835
c337534cd,-0.5474
60f36e48c,-0.556
e39b68366,-0.6533
3a25b6fbc,-1.191
79b580b77,-0.583
3723e3a8f,-1.043
57e274d73,-1.114
833efe648,-1.571
ed7084c72,-1.419
d015b4eb7,-1.102
d80263492,-0.74
5a237df4a,-0.446
eb45f741d,-0.6523
5db0d38de,-0.7437
f745bb842,-0.52
424abc511,-0.653
79fb5f325,-1.307
669b6d8e1,-0.2223
76f4e081f,-0.399
160038234,-0.2993
c14989fd8,-1.062
88fd6ec35,-0.5845
a25af22ce,-1.891
84badb218,-1.295
902dc6da5,-2.05
21ea485fb,-0.986
4d58c662c,0.3281
b7120e247,-2.021
45aac7fda,-0.9434
a276c10e3,0.5015
07de53e3c,-0.4253
688e3c808,-1.714
bc748d8e3,-2.008
cef7dd81c,1.057
1e497b6bc,-0.6187
fec88f35c,-1.122
ac50d303b,-1.801
8f11d4954,-0.359
875601dcb,-0.4377
24e16582a,0.0722
7f8863c77,-1.746
f1a527e3b,-2.15
dca4328c4,-1.876
25427adb0,-1.99
51c8c5c23,-1.6045
522b40c9f,-1.389
99361e803,-0.9937
0b252057e,0.1428
b5a6847a8,-1.068
04245deb8,-0.1346
497e85068,-0.01128
0377a5ba9,-1.274
d8a77aa56,0.2194
141aae66a,-0.6064
62834f569,-1.835
146d29c6b,0.4102
884c4771b,0.0406
0fe7e91a4,-0.5635
15fc88a5f,-0.8
159a7ab6c,-1.511
8057d0e72,-1.475
26678560c,-0.1252
c01d99818,-0.10846
2a32c5eeb,0.03183
a9d3d8260,-1.105
1be0e5fbf,-0.1578
8d55ccfa3,-1.038
85a975cc1,-0.0926
339ee734d,0.05002
c85b48fe7,-0.7197
35099250c,0.353
c4709a131,-0.04053
3bd96fa79,-0.6387
e9eb2f1aa,-0.2554
5adc8037f,-0.418
14112c6ee,-1.049
6664a7bcc,-1.205
40923b7c1,-2.123
0194295f1,0.6826
b64e1c1e7,-0.668
9bc557816,-0.9185
c9eea4fc6,-0.865
0f9838e7e,0.55
5f964e1e7,-0.1372
b7ff3f935,-0.1757
475a53f12,-1.477
d7064ad71,0.06
0e3ee0b16,0.547
f9fb02afe,-0.5547
3a7c0e5c0,0.86
5f1e73614,-1.183
f80bf00cd,0.0996
25e6b2031,-0.6885
3a4b56999,-2.059
b1182ff9a,-1.855
663afa987,0.3513
e882f463d,-0.3726
ab24f949c,-0.1302
1d3b50f9d,-0.3318
2491eebf3,-0.9478
fb2d4c9d6,0.04514
ec437fd25,-1.244
195bb7384,-1.553
74dcefd0b,-0.9653
5c22a3c42,-0.7197
0e54e5176,-0.1504
d0e0b8a07,-0.3079
e6fd2bc8a,-0.8013
6dc285550,-0.558
49476203e,0.2812
7a0474321,0.487
7dadc99f7,-1.437
0ca04f879,-1.317
b32813296,-1.738
e48d82d90,-0.2275
ecec71bf5,-0.361
551e0fc0b,0.01032
0542ab29a,-2.166
ee3057687,-0.8555
9a025b51d,-0.669
5cd839366,-0.581
c1b9c0e90,-0.2693
a01200b53,-0.3508
9147713d7,-0.682
840ed394e,0.4849
5c7e474f9,-0.849
55990b441,-0.3044
933bbff95,-1.062
437b00624,0.573
f1e1e48c9,-0.291
dfefb0086,0.02382
646c87513,0.3271
28a8769f2,-0.09247
298ce4b53,-0.2242
9e7ada519,-1.0
6c2e05a3e,0.4495
7fe628758,-0.9487
38035d30f,-1.636
165227ecf,0.3733
fa65744eb,-0.3752
e63fb9c1d,-0.3645
e422c68f6,-0.0725
3bb533026,-1.528
d8f9566b2,-0.04706
80fd33895,-0.382
79e03e272,-0.7764
bd4d8852e,0.4604
e7dca6a96,-1.552
74f63cb2e,0.1186
cf44e1a67,0.2181
8f3c9b36f,-0.1895
a2317c5a4,-1.764
4d7e8695a,-0.081
cf08f83fb,-1.523
d59b8be19,-1.124
baf17fffd,-0.4795
cc3365b18,-0.4941
075d8a7fe,-0.1572
14a6b98bc,-0.2512
c9757dff3,-0.6514
a8effc717,-0.781
ac62c7f35,-0.3215
61e569be7,0.816
d82eca995,-0.337
b81cf476e,0.6274
543bcf94d,-1.271
56e590582,0.1384
dcfa7a4cf,-1.351
9cf73dfa2,0.2954
459707759,0.0652
dad182181,0.649
f741de5e3,0.939
1b0a2c763,-2.154
c9170e4aa,0.4692
31f4701e4,-0.8193
0684bb254,0.9565
cd4dc91f6,0.3132
0103162f0,0.3335
a8a7fcc01,0.824
17435506e,0.4177
e62f9d880,1.184
1c5df7729,0.2245
163b059f8,0.2578
f852a4aea,0.2534
49e795bd1,0.5127
08237506d,0.6025
c9af1974b,0.1285
6a619e81f,-1.689
099389445,-2.492
465d65831,0.11566
6fc3d6ef3,-1.28
54bc78ebe,0.9844
33ff38af6,0.2125
3763dbc60,-1.3545
4ac629fc1,0.1912
381bc33b5,-1.415
62e457e21,-0.3896
6f7826769,-1.691
d2353167d,-0.7026
292f520b5,-0.93
673fda913,-1.03
5aaea0bd8,-1.583
a9056d3a4,-1.233
f73f7365c,-1.688
0f789ee41,-1.173
1cbe88ef7,0.127
6ae81aabd,-0.998
2d9607199,-0.2275
23608e428,-0.7896
6788643be,-2.076
3f2f53afd,-1.481
da9ed8478,-0.652
0c8f14517,-0.3198
a391b5f3e,-1.836
d79a4e1a5,-1.855
897fbf60f,-1.038
e623232b0,-2.52
af7fc4781,-0.532
659865134,-1.398
ad0db6238,-0.6255
f011f5c51,-0.801
7012cea5f,-1.497
54bd46713,-0.3137
7422f1dcd,-0.1564
4b24e0419,-1.344
1c7862644,-0.947
9f01afcff,-0.4712
decc534df,-1.521
2b418e85b,-1.247
68badb173,-1.694
1de24de83,-2.074
c049c77b7,-1.891
000accf7e,-2.273
d4a81e7b0,-1.699
0435e884e,-0.663
062919523,-2.041
1de2b5e2c,-1.376
7aa905ff4,-1.811
cd298e163,-1.566
b5b201c40,-1.862
e392620b6,-1.972
ef56d3674,-2.104
25d9549d3,-2.021
6f312a434,-1.633
9020ab3af,-1.624
9b4d96aa9,-1.076
32923648c,-0.635
6005f5be9,-1.162
7178792b2,-1.077
2e96cda35,-1.804
8b851c890,-1.469
2f0568ada,-2.25
8f4b98469,-1.9375
d9fc2dfdb,-1.805
a213db1ad,-2.014
70417d880,-2.31
018a010ed,-0.7896
d21637482,-1.356
e1c477a9b,0.00704
59013983d,0.2188
110d00bd7,-0.425
cc1fbba1c,-1.159
ed6292c31,0.2559
5687e706c,-0.3674
295ac0a69,-0.891
67a624b4a,-1.399
ac80c7a70,-1.654
fd2db0ba0,-1.457
1f872b544,-1.026
61ee5eb51,-1.326
cf014ad6c,0.9326
bf530fcb7,-1.879
08cd4e120,0.2666
59d7381bc,-0.0895
44535abb0,-0.9893
701d0ecf7,-0.755
5b4b2c146,-0.9062
4a94fedd7,-0.8545
e9e59ffa2,-0.6455
f68dee408,-0.6904
d7e61f52f,-1.066
3f4605870,-0.6245
14a022a50,-0.5806
225003311,-0.1707
a5219d250,-1.138
b322b06d3,-0.728
04fe69def,-1.235
d5b2fcc3b,-0.885
62d3e2443,-2.139
0f00d6a1f,-1.22
63a3b0945,0.7715
b0113640e,-1.751
8a5be50cc,-1.27
c8dcc98a2,-0.2754
5e854dab8,0.699
01731e2cd,-0.5537
39a7e9ce5,0.0645
904f13201,-0.841
1a075fd39,-1.598
0b296ec7a,-1.497
6f74f0c26,-1.745
27defc386,-2.15
d6ee79246,-1.781
99a602911,-2.361
efb89de3f,-2.297
ed634f405,-1.866
3138a5d15,-1.025
26d8c5606,-1.327
bd8003c58,-1.508
d025059c2,-1.522
ced008e99,-1.795
60debfd15,-1.3545
bb3a568de,-1.978
6aafcb83d,-2.535
82abc37fa,-1.883
ddb1f0f0a,-1.834
847925d38,-2.494
b2873737b,-2.36
cbbdfc7ab,-1.686
8a0f3a870,-2.123
ab579f45f,-1.727
e5a1e4603,-1.834
6e1348e12,-2.52
4a06e22c0,-2.162
d213a48d8,-2.385
f65cf1018,-2.363
e7628c7cf,-1.742
3f0141064,-0.871
9eedd990c,-2.336
284eaa5ad,-2.662
7776dfe4b,-1.35
fe44cbd14,-3.13
0c88f796b,-2.318
13d49f82c,-1.569
8b3e2d531,-2.365
bb60291db,-1.585
f0c6ffa2f,-1.865
574cc0461,0.4216
776e8cdec,-0.547
9e1ad6cc3,-0.1515
eb0976baf,0.55
0e96f2522,-2.104
268780694,-0.012
2c9bcf259,0.777
1b5965664,0.641
8e109655a,-2.127
6d24206e3,0.7183
deeff2162,-0.222
2debecc63,-2.047
b84de2eb4,-2.525
3907792e1,-2.098
419a01a56,-2.586
b6365792d,-2.1
0525b81ea,-0.3667
4481844ae,0.321
42269d093,0.3555
c91504fd8,0.2019
6cfa2f783,0.1787
dbb82f833,-1.748
3ae4a455c,-1.196
f3706bfa0,-1.513
fdf6ceef7,-0.567
aacebbd54,-1.583
a51c40bfc,-0.664
04a9a0f6e,-0.459
39651417c,-1.313
61cd7b9de,0.4863
4bff73b96,0.3164
f09734a29,-0.5796
8a60e96ad,-0.0733
15aeaa28d,-0.1971
138640efe,-0.6064
e483eb793,0.05597
55b9d4cad,0.908
eb27da783,0.6943
9737182e2,0.0894
9476f3825,-0.821
0755fc635,0.1696
0f9a8af35,0.3718
f27daed12,-0.3403
4b7f1aaf9,0.63
523be93ce,-0.273
9dfa32021,-0.08936
f2807bde3,0.054
261205d13,-0.8857
77d617696,0.3303
0d6ebb3d7,-0.2761
f2b369c5c,0.3232
32a364116,-0.7646
ece678a09,-0.12286
9ea0d2788,-0.146
c34c54861,-0.0317
258f088b3,0.4187
28692531a,0.431
534106951,0.5103
70117a25c,0.7275
888e9eb32,0.7334
fdd4a14e2,0.2961
2719dac02,0.4521
a98ba5def,0.2406
1a8e17102,1.001
823f90bf4,0.922
b49719b13,0.41
74fe41820,-1.722
3e3be383b,-1.198
c718f2c12,-2.895
2e945f2ac,-1.41
0f32c1315,-1.347
b51730f9c,-0.545
b724f5c64,-2.396
93e86d234,-1.257
a24e1229b,-0.4216
81a05f4d5,-2.014
93b0fbbd8,-2.893
dd94537c4,-2.293
7522dfe0c,-1.805
c9a4ea202,-0.935
9a60d1143,-0.3716
08beb9b06,-2.121
07fcc6d46,-1.792
eb5a24d21,-1.539
e9371122a,-1.03
fb6a10777,-1.037
bf9a1bd7f,-0.0786
3bdfdd284,0.762
e7d0b0fc2,0.5195
91fda1d78,-0.02766
6425c7acb,0.1288
7cad0f936,-0.2034
af084a99e,-0.4175
61c047490,-1.543
891c012e8,-1.222
acac08ee4,-2.154
a56126929,-1.399
fa899288b,-1.254
ff260e751,-0.2698
196bfa0f8,0.2769
5a358c889,-0.9375
de40ff558,-0.37
e444bca65,-1.036
decae8817,-1.263
dca132c52,0.3086
b428fb330,-0.806
3ecb99a3a,-1.296
e62556057,-0.09186
ec442ed0d,0.6846
bf61390ab,0.00219
f28a4261d,-0.7446
984532955,-0.7607
04f79e807,-0.3977
5d7e42a06,-0.61
4c33ab3a9,-0.02675
4752ac9de,-0.05887
955a8c878,0.1252
7d909bbc3,-0.1497
bb55b73fc,0.3706
9e14ac17a,-0.5483
3eb9cddb8,-0.273
fa7ded344,-0.2502
593e82f3f,0.06464
f91caf993,-1.885
9a3f1c4f3,-1.85
f3721e6b5,-0.9873
cdea4376d,-0.757
037a82462,-0.6494
39dcc6828,-0.557
82d1b3d00,0.2477
c58740461,-0.2089
6db88f484,-0.169
46c598b5f,-0.913
10b636b8f,-1.043
8fe4635e5,-0.5107
657c2e5e9,-0.06854
98027a84c,-0.546
f371189b5,-0.5796
85a7b4fd9,-0.979
858409e01,-1.659
801212476,-0.779
7eb1cc3a6,-1.014
dfe1a4c2e,-0.631
3e4324518,-0.692
7ccc0f771,-1.416
8d697e15e,-1.658
c7d20f683,-1.87
d9e97ada3,-0.1729
c956f7ad7,-1.248
9039acda3,0.06335
1946b8101,-1.106
fe511f5e2,-0.9834
29af0cdc4,-1.008
22b8be3d9,-0.2043
6b26e3764,0.2573
395082cd2,0.02777
20e58475c,-1.03
c2f833e93,-1.829
ca2945337,0.3647
fa8918595,0.286
736e95591,0.252
c70989c96,0.277
9e18f874b,-0.3582
62dceff46,0.2961
bcd734621,-1.082
ca7b204d2,-1.429
896fd296d,-1.279
44ed4b49d,-0.6665
8990c710b,0.02731
ee607c4d5,-1.553
ae4dacb09,-0.89
5b502970d,-0.9546
76df6dcd0,-0.3186
924ba4a14,-0.009384
6efcddc6e,-0.179
cc390cb43,-1.186
2131211ce,-2.023
1f4a71220,-2.283
ee67170f5,-2.072
b9f5c5011,-2.05
6fceedb16,0.8965
5612f85cc,-0.9414
51bdca98c,-1.261
7a06ba0cd,-2.074
b300ba844,-1.808
253dccf1b,-2.12
a0d80fffb,-2.336
85cdc2533,-1.979
55e342232,-1.015
163c67ac2,-0.1326
723b24b58,-1.683
ddadb6092,-0.3362
6a7e5f932,-1.052
30a6fa2ca,-1.811
10e99972d,0.2913
49dc9c57f,-1.848
72e6d3add,-1.25
475802be3,-1.362
a895fc4a7,-2.076
6e030ff29,0.573
7005971ef,0.1381
f301ff005,0.4607
cd19e2350,-0.3906
15e2e9e7a,-0.88
